{
  "learning_rate": 0.006581690046041262,
  "batch_size": 32,
  "dropout": 0.16727498645500338,
  "weight_decay": 0.0001554128245568897,
  "optimizer": "adamw",
  "scheduler": "cosine"
}
